source,trade_id,timestamp,event_type,total_buys,total_sells,total_trades,win_rate_pct,realized_pnl_usd,realized_pnl_sol,total_cost_usd,sold_income_usd,total_fees_usd,native_balance_sol,avg_holding_seconds,loss_gt_50,loss_0_50,profit_0_100,profit_100_400,profit_gt_400,token_address,token_amount,current_sol_balance,token_symbol,quote_amount_sol,buy_cost_usd,sold_usd,pnl_usd,pnl_pct,pnl_sol,is_win,score_at_buy,rug_ratio,source_strat,timestamp_open,timestamp_close,entry_price,smart_degen,bundler_rate,holder_count,price_usd,launchpad,tx_hash,gas_usd,dex_usd,priority_fee_sol,tip_fee_sol
gmgn_stats,0,2026-07-04 03:50:17 UTC,summary,102,93,195,20.77922077922078,-86.82708794678472658014,-0.2187441635039057,460.70028013809,310.107333324,45.460296979709995,0.153210798,2538.46875,33,28,34,1,0,,,,,,,,,,,,,,,,,,,,,,,,,,,
solscan_rpc,0,2026-07-04 03:50:17 UTC,current_holding,,,,,,,,,,,,,,,,,8THSuQMkLYm9oXoCLYJ3PLRtBySDbnfYLP5fGsWz58w3,658509.563915,0.153210798,,,,,,,,,,,,,,,,,,,,,,,,
bot_trade_log,21,2026-07-03 21:21:50 UTC,close,,,,,,,,,,,,,,,,,2bLuP7t95Cc51pQJyqoVTzxjZpDKUTojJHApreGMpump,,,BOĞA,0.05,,,,,-0.005,False,100,0.02,trending,2026-07-03 21:21:31 UTC,2026-07-03 21:21:50 UTC,,,,,,,,,,,
bot_trade_log,22,2026-07-03 21:21:50 UTC,close,,,,,,,,,,,,,,,,,5WREjrFhrAEvruRMQERc8zvn5ohZfYNFpapLbtekpump,,,run,0.05,,,,,-0.005,False,100,0.21,trending,2026-07-03 21:21:31 UTC,2026-07-03 21:21:50 UTC,,,,,,,,,,,
bot_positions,123,2026-07-03 21:21:50 UTC,close,,,,,,,,,,,,,,,,,2bLuP7t95Cc51pQJyqoVTzxjZpDKUTojJHApreGMpump,,,BOĞA,0.05,,,,,-0.005000000000000001,False,100,0.02,trending,2026-07-03 21:21:31 UTC,2026-07-03 21:21:50 UTC,49185.4,10,0.277,327,,,,,,,
bot_trade_log,23,2026-07-03 21:21:51 UTC,close,,,,,,,,,,,,,,,,,9cRCn9rGT8V2imeM2BaKs13yhMEais3ruM3rPvTGpump,,,ANSEM,0.05,,,,,-0.005,False,100,0.21,smart_money,2026-07-03 21:21:31 UTC,2026-07-03 21:21:51 UTC,,,,,,,,,,,
bot_trade_log,24,2026-07-03 21:21:51 UTC,close,,,,,,,,,,,,,,,,,4U4U8oXwDyVXGeTffMXds4NAgBgLFwq3wNvTCRTSpump,,,TJR,0.05,,,,,-0.005,False,100,0.21,smart_money,2026-07-03 21:21:31 UTC,2026-07-03 21:21:51 UTC,,,,,,,,,,,
bot_positions,124,2026-07-03 21:21:51 UTC,close,,,,,,,,,,,,,,,,,5WREjrFhrAEvruRMQERc8zvn5ohZfYNFpapLbtekpump,,,run,0.05,,,,,-0.005000000000000001,False,100,0.21,trending,2026-07-03 21:21:31 UTC,2026-07-03 21:21:51 UTC,37387.1,1,0.3575,198,,,,,,,
bot_positions,125,2026-07-03 21:21:51 UTC,close,,,,,,,,,,,,,,,,,9cRCn9rGT8V2imeM2BaKs13yhMEais3ruM3rPvTGpump,,,ANSEM,0.05,,,,,-0.005000000000000001,False,100,0.21,smart_money,2026-07-03 21:21:31 UTC,2026-07-03 21:21:51 UTC,306247000,109,0.7784,99267,,,,,,,
bot_trade_log,25,2026-07-03 21:21:52 UTC,close,,,,,,,,,,,,,,,,,FMqh9mqR6drPZqqW6wPqLHxX4rqNDWGhYLaMfoaJpump,,,world,0.05,,,,,-0.005,False,100,0.164,smart_money,2026-07-03 21:21:31 UTC,2026-07-03 21:21:52 UTC,,,,,,,,,,,
bot_positions,126,2026-07-03 21:21:52 UTC,close,,,,,,,,,,,,,,,,,4U4U8oXwDyVXGeTffMXds4NAgBgLFwq3wNvTCRTSpump,,,TJR,0.05,,,,,-0.005000000000000001,False,100,0.21,smart_money,2026-07-03 21:21:31 UTC,2026-07-03 21:21:52 UTC,650491,63,0.0418,4202,,,,,,,
bot_positions,127,2026-07-03 21:21:52 UTC,close,,,,,,,,,,,,,,,,,FMqh9mqR6drPZqqW6wPqLHxX4rqNDWGhYLaMfoaJpump,,,world,0.05,,,,,-0.005000000000000001,False,100,0.164,smart_money,2026-07-03 21:21:31 UTC,2026-07-03 21:21:52 UTC,4257140,51,0.2782,8201,,,,,,,
bot_trade_log,26,2026-07-03 21:22:34 UTC,close,,,,,,,,,,,,,,,,,EDcgxGEi3Y9YY3aSdsyEwEDUYz9oLNrTuMoNVs24pump,,,KEKIUS,0.05,,,,,-0.005,False,100,0.214,trending,2026-07-03 21:22:01 UTC,2026-07-03 21:22:34 UTC,,,,,,,,,,,
bot_trade_log,27,2026-07-03 21:22:35 UTC,close,,,,,,,,,,,,,,,,,BcHEaaTCvycPwwsJ9yQTXdHP9X2gCLkznDbZ8VySpump,,,Jotchua,0.05,,,,,-0.005,False,100,0.252,smart_money,2026-07-03 21:22:01 UTC,2026-07-03 21:22:35 UTC,,,,,,,,,,,
bot_trade_log,28,2026-07-03 21:22:35 UTC,close,,,,,,,,,,,,,,,,,DdPrHYqM8Ueovnk9kAnAgoGhswkuaTqmxcoZzU3Zpump,,,manlet,0.05,,,,,-0.005,False,100,0,smart_money,2026-07-03 21:22:01 UTC,2026-07-03 21:22:35 UTC,,,,,,,,,,,
bot_trade_log,29,2026-07-03 21:22:35 UTC,close,,,,,,,,,,,,,,,,,35B4vyZzEHQmL7Mg9Am8KpuTcNxEUW4Qdw8xiMhipump,,,KEVIN,0.05,,,,,-0.005,False,100,0.01,smart_money,2026-07-03 21:22:01 UTC,2026-07-03 21:22:35 UTC,,,,,,,,,,,
bot_positions,128,2026-07-03 21:22:35 UTC,close,,,,,,,,,,,,,,,,,EDcgxGEi3Y9YY3aSdsyEwEDUYz9oLNrTuMoNVs24pump,,,KEKIUS,0.05,,,,,-0.005000000000000001,False,100,0.214,trending,2026-07-03 21:22:01 UTC,2026-07-03 21:22:35 UTC,61534.7,4,0.2149,191,,,,,,,
bot_positions,129,2026-07-03 21:22:35 UTC,close,,,,,,,,,,,,,,,,,BcHEaaTCvycPwwsJ9yQTXdHP9X2gCLkznDbZ8VySpump,,,Jotchua,0.05,,,,,-0.005000000000000001,False,100,0.252,smart_money,2026-07-03 21:22:01 UTC,2026-07-03 21:22:35 UTC,9257530,69,0.2468,10874,,,,,,,
bot_positions,130,2026-07-03 21:22:35 UTC,close,,,,,,,,,,,,,,,,,DdPrHYqM8Ueovnk9kAnAgoGhswkuaTqmxcoZzU3Zpump,,,manlet,0.05,,,,,-0.005000000000000001,False,100,0,smart_money,2026-07-03 21:22:01 UTC,2026-07-03 21:22:35 UTC,4678210,37,0.1452,28594,,,,,,,
bot_trade_log,30,2026-07-03 21:22:36 UTC,close,,,,,,,,,,,,,,,,,HMSPnngim78o9t2KVfGBEg79NGS1s3c1AyRFu8z3pump,,,FABLE,0.05,,,,,-0.005,False,100,0.13,smart_money,2026-07-03 21:22:01 UTC,2026-07-03 21:22:36 UTC,,,,,,,,,,,
bot_positions,131,2026-07-03 21:22:36 UTC,close,,,,,,,,,,,,,,,,,35B4vyZzEHQmL7Mg9Am8KpuTcNxEUW4Qdw8xiMhipump,,,KEVIN,0.05,,,,,-0.005000000000000001,False,100,0.01,smart_money,2026-07-03 21:22:01 UTC,2026-07-03 21:22:36 UTC,175189,29,0.0147,283,,,,,,,
bot_positions,132,2026-07-03 21:22:36 UTC,close,,,,,,,,,,,,,,,,,HMSPnngim78o9t2KVfGBEg79NGS1s3c1AyRFu8z3pump,,,FABLE,0.05,,,,,-0.005000000000000001,False,100,0.13,smart_money,2026-07-03 21:22:01 UTC,2026-07-03 21:22:36 UTC,551341,28,0.1407,2220,,,,,,,
bot_trade_log,31,2026-07-03 21:23:34 UTC,close,,,,,,,,,,,,,,,,,DbGk4FpMmgtDrGryP4ooSqjkt7WVjkWmzEF6s6Papump,,,BFPOS,0.05,,,,,-0.005,False,100,0,trending,2026-07-03 21:23:01 UTC,2026-07-03 21:23:34 UTC,,,,,,,,,,,
bot_trade_log,32,2026-07-03 21:23:35 UTC,close,,,,,,,,,,,,,,,,,2hEXK7grisLruzRvpsQcj36V66svFef6rv7ZNNP3gEXj,,,KIRB,0.05,,,,,-0.005,False,100,0,trending,2026-07-03 21:23:01 UTC,2026-07-03 21:23:35 UTC,,,,,,,,,,,
bot_trade_log,33,2026-07-03 21:23:35 UTC,close,,,,,,,,,,,,,,,,,7GmZXw5rJEv5xj49t2dVBWavXVSv2Wy7idf1MNAZpump,,,FAG,0.05,,,,,-0.005,False,100,0,trending,2026-07-03 21:23:01 UTC,2026-07-03 21:23:35 UTC,,,,,,,,,,,
bot_trade_log,34,2026-07-03 21:23:35 UTC,close,,,,,,,,,,,,,,,,,CFPkPq1eYPR8GLzEo59wUbbMioX4bshaTQiSGzTSpump,,,MENSA,0.05,,,,,-0.005,False,100,0.23,smart_money,2026-07-03 21:23:01 UTC,2026-07-03 21:23:35 UTC,,,,,,,,,,,
bot_positions,133,2026-07-03 21:23:35 UTC,close,,,,,,,,,,,,,,,,,DbGk4FpMmgtDrGryP4ooSqjkt7WVjkWmzEF6s6Papump,,,BFPOS,0.05,,,,,-0.005000000000000001,False,100,0,trending,2026-07-03 21:23:01 UTC,2026-07-03 21:23:35 UTC,10830.6,0,0.3623,68,,,,,,,
bot_positions,134,2026-07-03 21:23:35 UTC,close,,,,,,,,,,,,,,,,,2hEXK7grisLruzRvpsQcj36V66svFef6rv7ZNNP3gEXj,,,KIRB,0.05,,,,,-0.005000000000000001,False,100,0,trending,2026-07-03 21:23:01 UTC,2026-07-03 21:23:35 UTC,3047.88,0,0.1264,11,,,,,,,
bot_positions,135,2026-07-03 21:23:35 UTC,close,,,,,,,,,,,,,,,,,7GmZXw5rJEv5xj49t2dVBWavXVSv2Wy7idf1MNAZpump,,,FAG,0.05,,,,,-0.005000000000000001,False,100,0,trending,2026-07-03 21:23:01 UTC,2026-07-03 21:23:35 UTC,2643.96,0,0,8,,,,,,,
bot_trade_log,35,2026-07-03 21:23:36 UTC,close,,,,,,,,,,,,,,,,,48oT2QgpyPFUiJYXbvZTS1tVDp98R9uYAJX5ojNrpump,,,SEMAN,0.05,,,,,-0.005,False,100,0.204,smart_money,2026-07-03 21:23:01 UTC,2026-07-03 21:23:36 UTC,,,,,,,,,,,
bot_positions,136,2026-07-03 21:23:36 UTC,close,,,,,,,,,,,,,,,,,CFPkPq1eYPR8GLzEo59wUbbMioX4bshaTQiSGzTSpump,,,MENSA,0.05,,,,,-0.005000000000000001,False,100,0.23,smart_money,2026-07-03 21:23:01 UTC,2026-07-03 21:23:36 UTC,1930030,27,0.0726,2288,,,,,,,
bot_positions,137,2026-07-03 21:23:36 UTC,close,,,,,,,,,,,,,,,,,48oT2QgpyPFUiJYXbvZTS1tVDp98R9uYAJX5ojNrpump,,,SEMAN,0.05,,,,,-0.005000000000000001,False,100,0.204,smart_money,2026-07-03 21:23:01 UTC,2026-07-03 21:23:36 UTC,621579,24,0.1808,2667,,,,,,,
bot_trade_log,36,2026-07-03 21:29:23 UTC,close,,,,,,,,,,,,,,,,,BEvgLpRLiMC111AYUFr8TMto7LmyaTZ3wu4LPbxSpump,,,Nigga,0.05,,,,,-0.005,False,100,0.02,trending,2026-07-03 21:29:13 UTC,2026-07-03 21:29:23 UTC,,,,,,,,,,,
bot_positions,138,2026-07-03 21:29:23 UTC,close,,,,,,,,,,,,,,,,,BEvgLpRLiMC111AYUFr8TMto7LmyaTZ3wu4LPbxSpump,,,Nigga,0.05,,,,,-0.005000000000000001,False,100,0.02,trending,2026-07-03 21:29:13 UTC,2026-07-03 21:29:23 UTC,42434.8,7,0.3161,412,,,,,,,
bot_trade_log,37,2026-07-03 21:46:43 UTC,close,,,,,,,,,,,,,,,,,DbGk4FpMmgtDrGryP4ooSqjkt7WVjkWmzEF6s6Papump,,,BFPOS,0.05,,,,,-0.005,False,100,0.252,trending,2026-07-03 21:46:26 UTC,2026-07-03 21:46:43 UTC,,,,,,,,,,,
bot_trade_log,38,2026-07-03 21:46:43 UTC,close,,,,,,,,,,,,,,,,,5oewdsrJXdJuCnvGdP9YcrgPFkp2GJgCeK7FTAHYpump,,,BLACKHOUSE,0.05,,,,,-0.005,False,100,0.23,trending,2026-07-03 21:46:26 UTC,2026-07-03 21:46:43 UTC,,,,,,,,,,,
bot_positions,139,2026-07-03 21:46:43 UTC,close,,,,,,,,,,,,,,,,,DbGk4FpMmgtDrGryP4ooSqjkt7WVjkWmzEF6s6Papump,,,BFPOS,0.05,,,,,-0.005000000000000001,False,100,0.252,trending,2026-07-03 21:46:26 UTC,2026-07-03 21:46:43 UTC,82440,7,0.2817,334,,,,,,,
bot_trade_log,39,2026-07-03 21:46:44 UTC,close,,,,,,,,,,,,,,,,,BzmGG5p8MemjAgnaKYkvQq5S2RZLG2QUgbxYaNoZpump,,,OPS,0.05,,,,,-0.005,False,100,0,trending,2026-07-03 21:46:26 UTC,2026-07-03 21:46:44 UTC,,,,,,,,,,,
bot_trade_log,40,2026-07-03 21:46:44 UTC,close,,,,,,,,,,,,,,,,,Cn1DdMtqs7boDQHpTj86Jd9G3vSzmTaY9vye3FBypump,,,Leo,0.05,,,,,-0.005,False,100,0.015384615384615385,trending,2026-07-03 21:46:26 UTC,2026-07-03 21:46:44 UTC,,,,,,,,,,,
bot_trade_log,41,2026-07-03 21:46:44 UTC,close,,,,,,,,,,,,,,,,,J8cFrE1P32M2bd4N85bLKS29Nhhtm9pdr3bDDBSGpump,,,Beatrice,0.05,,,,,-0.005,False,100,0,trending,2026-07-03 21:46:26 UTC,2026-07-03 21:46:44 UTC,,,,,,,,,,,
bot_positions,140,2026-07-03 21:46:44 UTC,close,,,,,,,,,,,,,,,,,5oewdsrJXdJuCnvGdP9YcrgPFkp2GJgCeK7FTAHYpump,,,BLACKHOUSE,0.05,,,,,-0.005000000000000001,False,100,0.23,trending,2026-07-03 21:46:26 UTC,2026-07-03 21:46:44 UTC,33986.9,2,0.3186,407,,,,,,,
bot_positions,141,2026-07-03 21:46:44 UTC,close,,,,,,,,,,,,,,,,,BzmGG5p8MemjAgnaKYkvQq5S2RZLG2QUgbxYaNoZpump,,,OPS,0.05,,,,,-0.005000000000000001,False,100,0,trending,2026-07-03 21:46:26 UTC,2026-07-03 21:46:44 UTC,2750.3,0,0.0889,10,,,,,,,
bot_positions,142,2026-07-03 21:46:44 UTC,close,,,,,,,,,,,,,,,,,Cn1DdMtqs7boDQHpTj86Jd9G3vSzmTaY9vye3FBypump,,,Leo,0.05,,,,,-0.005000000000000001,False,100,0.015384615384615385,trending,2026-07-03 21:46:26 UTC,2026-07-03 21:46:44 UTC,7315.48,0,0.4352,36,,,,,,,
bot_positions,143,2026-07-03 21:46:45 UTC,close,,,,,,,,,,,,,,,,,J8cFrE1P32M2bd4N85bLKS29Nhhtm9pdr3bDDBSGpump,,,Beatrice,0.05,,,,,-0.005000000000000001,False,100,0,trending,2026-07-03 21:46:26 UTC,2026-07-03 21:46:45 UTC,3895.47,0,0.1178,22,,,,,,,
bot_trade_log,42,2026-07-03 21:47:28 UTC,close,,,,,,,,,,,,,,,,,iWgJCqNEto7KtkK2n2zuvixe1k5k4r26Zfg3Mkopump,,,Bullify,0.05,,,,,-0.005,False,100,0.3466666666666667,trending,2026-07-03 21:46:56 UTC,2026-07-03 21:47:28 UTC,,,,,,,,,,,
bot_trade_log,43,2026-07-03 21:47:29 UTC,close,,,,,,,,,,,,,,,,,J17AUEy2Ya9jc65eVTqpmhoGx9RvZfTVMZkmM3uBpump,,,Assured,0.05,,,,,-0.005,False,100,0,trending,2026-07-03 21:46:56 UTC,2026-07-03 21:47:29 UTC,,,,,,,,,,,
bot_trade_log,44,2026-07-03 21:47:29 UTC,close,,,,,,,,,,,,,,,,,8Z12Faqh6vhekfFLiRHsaVGTMVDjumC5W1Qa5E3Tpump,,,ANSEMFY,0.05,,,,,-0.005,False,100,0,trending,2026-07-03 21:46:56 UTC,2026-07-03 21:47:29 UTC,,,,,,,,,,,
bot_positions,144,2026-07-03 21:47:29 UTC,close,,,,,,,,,,,,,,,,,iWgJCqNEto7KtkK2n2zuvixe1k5k4r26Zfg3Mkopump,,,Bullify,0.05,,,,,-0.005000000000000001,False,100,0.3466666666666667,trending,2026-07-03 21:46:56 UTC,2026-07-03 21:47:29 UTC,25970.7,4,0.1703,351,,,,,,,
bot_positions,145,2026-07-03 21:47:29 UTC,close,,,,,,,,,,,,,,,,,J17AUEy2Ya9jc65eVTqpmhoGx9RvZfTVMZkmM3uBpump,,,Assured,0.05,,,,,-0.005000000000000001,False,100,0,trending,2026-07-03 21:46:56 UTC,2026-07-03 21:47:29 UTC,35677.2,1,0.0623,73,,,,,,,
bot_positions,146,2026-07-03 21:47:29 UTC,close,,,,,,,,,,,,,,,,,8Z12Faqh6vhekfFLiRHsaVGTMVDjumC5W1Qa5E3Tpump,,,ANSEMFY,0.05,,,,,-0.005000000000000001,False,100,0,trending,2026-07-03 21:46:56 UTC,2026-07-03 21:47:29 UTC,10979.4,0,0.3779,57,,,,,,,
bot_trade_log,45,2026-07-03 23:01:28 UTC,close,,,,,,,,,,,,,,,,,Ha1PCAENzevF72niXP9ncnHowpWGiLdKPnBxUTjT1diW,,,Lil Z,0.05,,,,,-0.005,False,100,0,trending,2026-07-03 23:01:19 UTC,2026-07-03 23:01:28 UTC,,,,,,,,,,,
bot_trade_log,46,2026-07-03 23:01:28 UTC,close,,,,,,,,,,,,,,,,,GQAYAY29X4oumZyNa3bkLsFsqMFMWy2rS9RKLG8dpump,,,SIDELINED,0.05,,,,,-0.005,False,100,0,trending,2026-07-03 23:01:19 UTC,2026-07-03 23:01:28 UTC,,,,,,,,,,,
bot_positions,147,2026-07-03 23:01:28 UTC,close,,,,,,,,,,,,,,,,,Ha1PCAENzevF72niXP9ncnHowpWGiLdKPnBxUTjT1diW,,,Lil Z,0.05,,,,,-0.005000000000000001,False,100,0,trending,2026-07-03 23:01:19 UTC,2026-07-03 23:01:28 UTC,97837.3,6,0.461,594,,,,,,,
bot_positions,148,2026-07-03 23:01:29 UTC,close,,,,,,,,,,,,,,,,,GQAYAY29X4oumZyNa3bkLsFsqMFMWy2rS9RKLG8dpump,,,SIDELINED,0.05,,,,,-0.005000000000000001,False,100,0,trending,2026-07-03 23:01:19 UTC,2026-07-03 23:01:29 UTC,7329.88,1,0.1343,84,,,,,,,
bot_trade_log,47,2026-07-03 23:02:21 UTC,close,,,,,,,,,,,,,,,,,EAstmBUCe2SugEjULLE5iMptLs8LBisqPfz8u9Jupump,,,Bool,0.05,,,,,-0.005,False,100,0,trending,2026-07-03 23:01:49 UTC,2026-07-03 23:02:21 UTC,,,,,,,,,,,
bot_trade_log,48,2026-07-03 23:02:21 UTC,close,,,,,,,,,,,,,,,,,KSDsxt6BppeiqmFWkbAkthw2TWUV44DDoRPavHvpump,,,CHILLANSEM,0.05,,,,,-0.005,False,100,0,trending,2026-07-03 23:01:49 UTC,2026-07-03 23:02:21 UTC,,,,,,,,,,,
bot_positions,149,2026-07-03 23:02:21 UTC,close,,,,,,,,,,,,,,,,,EAstmBUCe2SugEjULLE5iMptLs8LBisqPfz8u9Jupump,,,Bool,0.05,,,,,-0.005000000000000001,False,100,0,trending,2026-07-03 23:01:49 UTC,2026-07-03 23:02:21 UTC,13838.8,0,0.3557,72,,,,,,,
bot_positions,150,2026-07-03 23:02:22 UTC,close,,,,,,,,,,,,,,,,,KSDsxt6BppeiqmFWkbAkthw2TWUV44DDoRPavHvpump,,,CHILLANSEM,0.05,,,,,-0.005000000000000001,False,100,0,trending,2026-07-03 23:01:49 UTC,2026-07-03 23:02:22 UTC,4890.93,0,0.2055,48,,,,,,,
bot_trade_log,49,2026-07-03 23:03:21 UTC,close,,,,,,,,,,,,,,,,,6P4ymgiE5uU1ykebaAaKVRuUsXwfDvz3a23BYmtppump,,,Lil Z,0.05,,,,,-0.005,False,100,0.07,trending,2026-07-03 23:02:49 UTC,2026-07-03 23:03:21 UTC,,,,,,,,,,,
bot_positions,151,2026-07-03 23:03:21 UTC,close,,,,,,,,,,,,,,,,,6P4ymgiE5uU1ykebaAaKVRuUsXwfDvz3a23BYmtppump,,,Lil Z,0.05,,,,,-0.005000000000000001,False,100,0.07,trending,2026-07-03 23:02:49 UTC,2026-07-03 23:03:21 UTC,9432.71,1,0.318,68,,,,,,,
bot_trade_log,50,2026-07-03 23:04:24 UTC,close,,,,,,,,,,,,,,,,,3Jt6zJhbbDXEhosiyLymt2JjUgpUBeDEhM6mUFjkpump,,,novelty,0.05,,,,,-0.005,False,100,0,trending,2026-07-03 23:03:49 UTC,2026-07-03 23:04:24 UTC,,,,,,,,,,,
bot_trade_log,51,2026-07-03 23:04:24 UTC,close,,,,,,,,,,,,,,,,,7tc9uUS519TTbWZzSeTDhs1TsUa5B8tjK5N2b4krpump,,,Eagle,0.05,,,,,-0.005,False,100,0,trending,2026-07-03 23:04:19 UTC,2026-07-03 23:04:24 UTC,,,,,,,,,,,
bot_positions,152,2026-07-03 23:04:24 UTC,close,,,,,,,,,,,,,,,,,3Jt6zJhbbDXEhosiyLymt2JjUgpUBeDEhM6mUFjkpump,,,novelty,0.05,,,,,-0.005000000000000001,False,100,0,trending,2026-07-03 23:03:49 UTC,2026-07-03 23:04:24 UTC,13957,0,0.5004,232,,,,,,,
bot_positions,153,2026-07-03 23:04:24 UTC,close,,,,,,,,,,,,,,,,,7tc9uUS519TTbWZzSeTDhs1TsUa5B8tjK5N2b4krpump,,,Eagle,0.05,,,,,-0.005000000000000001,False,100,0,trending,2026-07-03 23:04:19 UTC,2026-07-03 23:04:24 UTC,7723.09,0,0.3817,59,,,,,,,
bot_trade_log,52,2026-07-03 23:05:21 UTC,close,,,,,,,,,,,,,,,,,D7BHfHMcLej5zUdYvm8Ez5VzBS3FgnGuJhP75MMjpump,,,WILLIAM,0.05,,,,,-0.005,False,100,0,trending,2026-07-03 23:04:49 UTC,2026-07-03 23:05:21 UTC,,,,,,,,,,,
bot_positions,154,2026-07-03 23:05:21 UTC,close,,,,,,,,,,,,,,,,,D7BHfHMcLej5zUdYvm8Ez5VzBS3FgnGuJhP75MMjpump,,,WILLIAM,0.05,,,,,-0.005000000000000001,False,100,0,trending,2026-07-03 23:04:49 UTC,2026-07-03 23:05:21 UTC,6356.45,0,0.2441,34,,,,,,,
bot_trade_log,53,2026-07-03 23:06:21 UTC,close,,,,,,,,,,,,,,,,,GydDQ7EuSjZE1JPauM9jd2Kc8UGbVbzp3nhx9Ntbpump,,,DEGEN5,0.05,,,,,-0.005,False,100,0,trending,2026-07-03 23:05:49 UTC,2026-07-03 23:06:21 UTC,,,,,,,,,,,
bot_trade_log,54,2026-07-03 23:06:21 UTC,close,,,,,,,,,,,,,,,,,HdDFB4DstepTna9ygWPeMQ2HCE2DXsLEtP5njHq3pump,,,NiggaToe,0.05,,,,,-0.005,False,100,0.05,trending,2026-07-03 23:05:49 UTC,2026-07-03 23:06:21 UTC,,,,,,,,,,,
bot_positions,155,2026-07-03 23:06:21 UTC,close,,,,,,,,,,,,,,,,,GydDQ7EuSjZE1JPauM9jd2Kc8UGbVbzp3nhx9Ntbpump,,,DEGEN5,0.05,,,,,-0.005000000000000001,False,100,0,trending,2026-07-03 23:05:49 UTC,2026-07-03 23:06:21 UTC,5777.01,0,0.2909,72,,,,,,,
bot_positions,156,2026-07-03 23:06:21 UTC,close,,,,,,,,,,,,,,,,,HdDFB4DstepTna9ygWPeMQ2HCE2DXsLEtP5njHq3pump,,,NiggaToe,0.05,,,,,-0.005000000000000001,False,100,0.05,trending,2026-07-03 23:05:49 UTC,2026-07-03 23:06:21 UTC,5283.11,1,0.32,27,,,,,,,
bot_trade_log,55,2026-07-03 23:07:21 UTC,close,,,,,,,,,,,,,,,,,6VQMkUGmWUcGMvVXaDU8QQayWEVMJw7ommf9PmfLpump,,,FAMSEM,0.05,,,,,-0.005,False,100,0,trending,2026-07-03 23:06:49 UTC,2026-07-03 23:07:21 UTC,,,,,,,,,,,
bot_trade_log,56,2026-07-03 23:07:21 UTC,close,,,,,,,,,,,,,,,,,txL9uMtvVdAq2fbJW57K4kL8f51E14Wc2qBeuhkpump,,,FAMSEM,0.05,,,,,-0.005,False,100,0,trending,2026-07-03 23:06:49 UTC,2026-07-03 23:07:21 UTC,,,,,,,,,,,
bot_positions,157,2026-07-03 23:07:21 UTC,close,,,,,,,,,,,,,,,,,6VQMkUGmWUcGMvVXaDU8QQayWEVMJw7ommf9PmfLpump,,,FAMSEM,0.05,,,,,-0.005000000000000001,False,100,0,trending,2026-07-03 23:06:49 UTC,2026-07-03 23:07:21 UTC,8057.47,0,0.3366,106,,,,,,,
bot_positions,158,2026-07-03 23:07:22 UTC,close,,,,,,,,,,,,,,,,,txL9uMtvVdAq2fbJW57K4kL8f51E14Wc2qBeuhkpump,,,FAMSEM,0.05,,,,,-0.005000000000000001,False,100,0,trending,2026-07-03 23:06:49 UTC,2026-07-03 23:07:22 UTC,2789.04,0,0.0569,10,,,,,,,
bot_trade_log,57,2026-07-03 23:08:21 UTC,close,,,,,,,,,,,,,,,,,4qxaD35Twd27FHuVkeoUVi5Pqt4TQ8uYyAXb6dvUpump,,,FAMSEM,0.05,,,,,-0.005,False,100,0,trending,2026-07-03 23:07:49 UTC,2026-07-03 23:08:21 UTC,,,,,,,,,,,
bot_trade_log,58,2026-07-03 23:08:22 UTC,close,,,,,,,,,,,,,,,,,FbsPm1ko7ASAW73puJMHdiJ1edse5W8fMis1dQhFTRiX,,,PAULY,0.05,,,,,-0.005,False,100,0.144,trending,2026-07-03 23:07:49 UTC,2026-07-03 23:08:22 UTC,,,,,,,,,,,
bot_positions,159,2026-07-03 23:08:22 UTC,close,,,,,,,,,,,,,,,,,4qxaD35Twd27FHuVkeoUVi5Pqt4TQ8uYyAXb6dvUpump,,,FAMSEM,0.05,,,,,-0.005000000000000001,False,100,0,trending,2026-07-03 23:07:49 UTC,2026-07-03 23:08:22 UTC,6201.19,0,0.3362,28,,,,,,,
bot_positions,160,2026-07-03 23:08:22 UTC,close,,,,,,,,,,,,,,,,,FbsPm1ko7ASAW73puJMHdiJ1edse5W8fMis1dQhFTRiX,,,PAULY,0.05,,,,,-0.005000000000000001,False,100,0.144,trending,2026-07-03 23:07:49 UTC,2026-07-03 23:08:22 UTC,18458,2,0.1842,119,,,,,,,
bot_trade_log,59,2026-07-03 23:29:53 UTC,close,,,,,,,,,,,,,,,,,3mfyWdcA56j4BnuQtCd5QSmr93UxTiGVQQHL3fURpump,,,MUTUMBO,0.05,,,,,-0.005,False,100,0,trending,2026-07-03 23:09:49 UTC,2026-07-03 23:29:53 UTC,,,,,,,,,,,
bot_trade_log,60,2026-07-03 23:29:54 UTC,close,,,,,,,,,,,,,,,,,2op1GTXhfn2WQrwmtBPtUYdbGHr6AT4Yt6NiDP6Upump,,,NIGGA,0.05,,,,,-0.005,False,100,0.07,trending,2026-07-03 23:09:49 UTC,2026-07-03 23:29:54 UTC,,,,,,,,,,,
bot_positions,161,2026-07-03 23:29:54 UTC,close,,,,,,,,,,,,,,,,,3mfyWdcA56j4BnuQtCd5QSmr93UxTiGVQQHL3fURpump,,,MUTUMBO,0.05,,,,,-0.005000000000000001,False,100,0,trending,2026-07-03 23:09:49 UTC,2026-07-03 23:29:54 UTC,5915.42,0,0.3783,61,,,,,,,
bot_positions,162,2026-07-03 23:29:54 UTC,close,,,,,,,,,,,,,,,,,2op1GTXhfn2WQrwmtBPtUYdbGHr6AT4Yt6NiDP6Upump,,,NIGGA,0.05,,,,,-0.005000000000000001,False,100,0.07,trending,2026-07-03 23:09:49 UTC,2026-07-03 23:29:54 UTC,3394.96,0,0.0992,25,,,,,,,
bot_trade_log,61,2026-07-03 23:35:53 UTC,close,,,,,,,,,,,,,,,,,3iubbH4pbnGrYBYwvGe2Yzmx8dBqGLbVCrVjusRPpump,,,Isaac,0.05,,,,,-0.005,False,100,0,trending,2026-07-03 23:30:51 UTC,2026-07-03 23:35:53 UTC,,,,,,,,,,,
bot_positions,163,2026-07-03 23:35:53 UTC,close,,,,,,,,,,,,,,,,,3iubbH4pbnGrYBYwvGe2Yzmx8dBqGLbVCrVjusRPpump,,,Isaac,0.05,,,,,-0.005000000000000001,False,100,0,trending,2026-07-03 23:30:51 UTC,2026-07-03 23:35:53 UTC,18450.7,0,0.3436,50,,,,,,,
bot_trade_log,62,2026-07-03 23:38:53 UTC,close,,,,,,,,,,,,,,,,,BTkdmfaLZd66vK4zpLnFSpqCS4HBR3pzCFnFitFpump,,,DADSEM,0.05,,,,,-0.005,False,100,0,trending,2026-07-03 23:33:51 UTC,2026-07-03 23:38:53 UTC,,,,,,,,,,,
bot_positions,164,2026-07-03 23:38:53 UTC,close,,,,,,,,,,,,,,,,,BTkdmfaLZd66vK4zpLnFSpqCS4HBR3pzCFnFitFpump,,,DADSEM,0.05,,,,,-0.005000000000000001,False,100,0,trending,2026-07-03 23:33:51 UTC,2026-07-03 23:38:53 UTC,97436.4,14,0.2992,982,,,,,,,
bot_trade_log,63,2026-07-03 23:41:53 UTC,close,,,,,,,,,,,,,,,,,3oxaqn6rdgyVNnXvGJg9eeXUKVVzGhLCxdFN9uonpump,,,STARK,0.05,,,,,-0.005,False,100,0,trending,2026-07-03 23:36:21 UTC,2026-07-03 23:41:53 UTC,,,,,,,,,,,
bot_positions,165,2026-07-03 23:41:53 UTC,close,,,,,,,,,,,,,,,,,3oxaqn6rdgyVNnXvGJg9eeXUKVVzGhLCxdFN9uonpump,,,STARK,0.05,,,,,-0.005000000000000001,False,100,0,trending,2026-07-03 23:36:21 UTC,2026-07-03 23:41:53 UTC,12728.5,0,0.4898,90,,,,,,,
bot_trade_log,64,2026-07-03 23:49:20 UTC,close,,,,,,,,,,,,,,,,,BDZa9L5Dpbyp7hUAJSmqkUKWnPPinFi6P43bYv6Npump,,,hotsauce,0.05,,,,,,,,,trending,2026-07-03 23:43:21 UTC,2026-07-03 23:49:20 UTC,,,,,,,,,,,
bot_positions,166,2026-07-03 23:49:20 UTC,close,,,,,,,,,,,,,,,,,BDZa9L5Dpbyp7hUAJSmqkUKWnPPinFi6P43bYv6Npump,,,hotsauce,0.05,,,,,,,100,0,trending,2026-07-03 23:43:21 UTC,2026-07-03 23:49:20 UTC,3191.87,0,0.1372,23,,,,,,,
bot_trade_log,65,2026-07-03 23:51:20 UTC,close,,,,,,,,,,,,,,,,,9HLmu8HR9gXBrmaoU1YoQwrfMJN1R4HnxoiUCVNPqyai,,,Nikita,0.05,,,,,,,,,trending,2026-07-03 23:45:21 UTC,2026-07-03 23:51:20 UTC,,,,,,,,,,,
bot_positions,167,2026-07-03 23:51:20 UTC,close,,,,,,,,,,,,,,,,,9HLmu8HR9gXBrmaoU1YoQwrfMJN1R4HnxoiUCVNPqyai,,,Nikita,0.05,,,,,,,100,0.11,trending,2026-07-03 23:45:21 UTC,2026-07-03 23:51:20 UTC,5166.3,0,0.166,52,,,,,,,
bot_trade_log,66,2026-07-03 23:55:20 UTC,close,,,,,,,,,,,,,,,,,FJJgrS1FHGv2S7Mrvk9DvvauGjchUAK56on9ZYdkZ5G7,,,Ansem,0.05,,,,,,,,,trending,2026-07-03 23:49:48 UTC,2026-07-03 23:55:20 UTC,,,,,,,,,,,
bot_positions,168,2026-07-03 23:55:20 UTC,close,,,,,,,,,,,,,,,,,FJJgrS1FHGv2S7Mrvk9DvvauGjchUAK56on9ZYdkZ5G7,,,Ansem,0.05,,,,,,,100,0.188,trending,2026-07-03 23:49:48 UTC,2026-07-03 23:55:20 UTC,46153.5,7,0.3653,275,,,,,,,
bot_trade_log,67,2026-07-03 23:57:39 UTC,close,,,,,,,,,,,,,,,,,9uNxMevK8wRbgHZ5oU8f5PfT4mSUCwpaey4AQeP7pump,,,NIGGER,0.05,,,,,,,,,trending,2026-07-03 23:51:48 UTC,2026-07-03 23:57:39 UTC,,,,,,,,,,,
bot_positions,169,2026-07-03 23:57:39 UTC,close,,,,,,,,,,,,,,,,,9uNxMevK8wRbgHZ5oU8f5PfT4mSUCwpaey4AQeP7pump,,,NIGGER,0.05,,,,,,,100,0.01,trending,2026-07-03 23:51:48 UTC,2026-07-03 23:57:39 UTC,12961.7,0,0.3226,98,,,,,,,
bot_trade_log,68,2026-07-04 00:01:39 UTC,close,,,,,,,,,,,,,,,,,BwrbuVzMR3KPBS7BkR63YyT9qeEJg19CWgPqvezapump,,,Thief,0.05,,,,,,,,,trending,2026-07-03 23:55:48 UTC,2026-07-04 00:01:39 UTC,,,,,,,,,,,
bot_positions,170,2026-07-04 00:01:39 UTC,close,,,,,,,,,,,,,,,,,BwrbuVzMR3KPBS7BkR63YyT9qeEJg19CWgPqvezapump,,,Thief,0.05,,,,,,,100,0.2727272727272727,trending,2026-07-03 23:55:48 UTC,2026-07-04 00:01:39 UTC,5550.24,0,0.2106,63,,,,,,,
bot_trade_log,69,2026-07-04 00:03:39 UTC,close,,,,,,,,,,,,,,,,,BbuUbShmtsi77QbYVVAHLZoAgdLwkVXiLsNQ2MVepump,,,higher,0.05,,,,,,,,,trending,2026-07-03 23:58:07 UTC,2026-07-04 00:03:39 UTC,,,,,,,,,,,
bot_positions,171,2026-07-04 00:03:39 UTC,close,,,,,,,,,,,,,,,,,BbuUbShmtsi77QbYVVAHLZoAgdLwkVXiLsNQ2MVepump,,,higher,0.05,,,,,,,100,0.42857142857142855,trending,2026-07-03 23:58:07 UTC,2026-07-04 00:03:39 UTC,17510.5,1,0.4033,177,,,,,,,
bot_trade_log,70,2026-07-04 00:07:39 UTC,close,,,,,,,,,,,,,,,,,8ogdeTMj63fKCtfDNh17L27oeVdZoWvXqvb2Ch7zpump,,,BullSahur,0.05,,,,,,,,,trending,2026-07-04 00:02:07 UTC,2026-07-04 00:07:39 UTC,,,,,,,,,,,
bot_positions,172,2026-07-04 00:07:39 UTC,close,,,,,,,,,,,,,,,,,8ogdeTMj63fKCtfDNh17L27oeVdZoWvXqvb2Ch7zpump,,,BullSahur,0.05,,,,,,,100,0.021739130434782608,trending,2026-07-04 00:02:07 UTC,2026-07-04 00:07:39 UTC,11772.3,1,0.4847,143,,,,,,,
bot_trade_log,71,2026-07-04 00:09:39 UTC,close,,,,,,,,,,,,,,,,,DumST1HCvzGJrkGrxCbhyTfY5mfApF9mGG2rcwrRpump,,,buck,0.05,,,,,,,,,trending,2026-07-04 00:04:07 UTC,2026-07-04 00:09:39 UTC,,,,,,,,,,,
bot_positions,173,2026-07-04 00:09:39 UTC,close,,,,,,,,,,,,,,,,,DumST1HCvzGJrkGrxCbhyTfY5mfApF9mGG2rcwrRpump,,,buck,0.05,,,,,,,100,0,trending,2026-07-04 00:04:07 UTC,2026-07-04 00:09:39 UTC,10799.7,0,0.4165,183,,,,,,,
bot_trade_log,72,2026-07-04 00:13:39 UTC,close,,,,,,,,,,,,,,,,,BPxRYUnE4GnG65nK5VNfkVUhZcahkYrzM8c6Ud64pump,,,Bulliccini,0.05,,,,,,,,,trending,2026-07-04 00:08:07 UTC,2026-07-04 00:13:39 UTC,,,,,,,,,,,
bot_positions,174,2026-07-04 00:13:39 UTC,close,,,,,,,,,,,,,,,,,BPxRYUnE4GnG65nK5VNfkVUhZcahkYrzM8c6Ud64pump,,,Bulliccini,0.05,,,,,,,100,0.16,trending,2026-07-04 00:08:07 UTC,2026-07-04 00:13:39 UTC,26657,0,0.3817,257,,,,,,,
bot_trade_log,73,2026-07-04 00:15:40 UTC,close,,,,,,,,,,,,,,,,,G1uJCfXPp6wynYZ9YEeusTNAqe8n4tcK1RqCasmepump,,,NIKITA,0.05,,,,,,,,,trending,2026-07-04 00:10:07 UTC,2026-07-04 00:15:40 UTC,,,,,,,,,,,
bot_positions,175,2026-07-04 00:15:40 UTC,close,,,,,,,,,,,,,,,,,G1uJCfXPp6wynYZ9YEeusTNAqe8n4tcK1RqCasmepump,,,NIKITA,0.05,,,,,,,100,0.28,trending,2026-07-04 00:10:07 UTC,2026-07-04 00:15:40 UTC,26036.1,1,0.3318,87,,,,,,,
bot_trade_log,74,2026-07-04 00:19:39 UTC,close,,,,,,,,,,,,,,,,,BwrbuVzMR3KPBS7BkR63YyT9qeEJg19CWgPqvezapump,,,Thief,0.05,,,,,,,,,trending,2026-07-04 00:14:07 UTC,2026-07-04 00:19:39 UTC,,,,,,,,,,,
bot_positions,176,2026-07-04 00:19:39 UTC,close,,,,,,,,,,,,,,,,,BwrbuVzMR3KPBS7BkR63YyT9qeEJg19CWgPqvezapump,,,Thief,0.05,,,,,,,100,0.2727272727272727,trending,2026-07-04 00:14:07 UTC,2026-07-04 00:19:39 UTC,20175.2,0,0.3329,164,,,,,,,
bot_trade_log,75,2026-07-04 00:21:39 UTC,close,,,,,,,,,,,,,,,,,5pGqJULdpHiVN1n5B24tM3oGJyZzgcTjcFctTxitpump,,,BULLCYCLE,0.05,,,,,,,,,trending,2026-07-04 00:16:07 UTC,2026-07-04 00:21:39 UTC,,,,,,,,,,,
bot_positions,177,2026-07-04 00:21:39 UTC,close,,,,,,,,,,,,,,,,,5pGqJULdpHiVN1n5B24tM3oGJyZzgcTjcFctTxitpump,,,BULLCYCLE,0.05,,,,,,,100,0.1111111111111111,trending,2026-07-04 00:16:07 UTC,2026-07-04 00:21:39 UTC,9956.05,1,0.5041,68,,,,,,,
bot_trade_log,76,2026-07-04 00:25:39 UTC,close,,,,,,,,,,,,,,,,,3ybbPuf8HJsMG85WaQweh7rr6BhqHNxtKXCQzk1wpump,,,BBC,0.05,,,,,,,,,trending,2026-07-04 00:20:07 UTC,2026-07-04 00:25:39 UTC,,,,,,,,,,,
bot_positions,178,2026-07-04 00:25:39 UTC,close,,,,,,,,,,,,,,,,,3ybbPuf8HJsMG85WaQweh7rr6BhqHNxtKXCQzk1wpump,,,BBC,0.05,,,,,,,100,0,trending,2026-07-04 00:20:07 UTC,2026-07-04 00:25:39 UTC,18488.8,0,0.3292,162,,,,,,,
bot_trade_log,77,2026-07-04 00:27:39 UTC,close,,,,,,,,,,,,,,,,,3ycaCqydAk9AnMqSnVUJAa3ER6rS1rVEQgfcSVfAv76Y,,,PAULY,0.05,,,,,,,,,trending,2026-07-04 00:22:07 UTC,2026-07-04 00:27:39 UTC,,,,,,,,,,,
bot_positions,179,2026-07-04 00:27:39 UTC,close,,,,,,,,,,,,,,,,,3ycaCqydAk9AnMqSnVUJAa3ER6rS1rVEQgfcSVfAv76Y,,,PAULY,0.05,,,,,,,100,0.02,trending,2026-07-04 00:22:07 UTC,2026-07-04 00:27:39 UTC,36277.3,7,0.09,83,,,,,,,
bot_trade_log,78,2026-07-04 00:31:40 UTC,close,,,,,,,,,,,,,,,,,3HNt1YBqdfbwn2iCrg6srQRg4aTuXAguKyWHiCw1pump,,,Pessi,0.05,,,,,,,,,trending,2026-07-04 00:26:07 UTC,2026-07-04 00:31:40 UTC,,,,,,,,,,,
bot_positions,180,2026-07-04 00:31:40 UTC,close,,,,,,,,,,,,,,,,,3HNt1YBqdfbwn2iCrg6srQRg4aTuXAguKyWHiCw1pump,,,Pessi,0.05,,,,,,,100,0.12,trending,2026-07-04 00:26:07 UTC,2026-07-04 00:31:40 UTC,6849.51,0,0.4057,51,,,,,,,
bot_trade_log,79,2026-07-04 00:33:39 UTC,close,,,,,,,,,,,,,,,,,26Qh1jwH7CwWCWycKLpyrVpKjctnUSYofwptQwuupump,,,CABOVERDE,0.05,,,,,,,,,trending,2026-07-04 00:28:07 UTC,2026-07-04 00:33:39 UTC,,,,,,,,,,,
bot_positions,181,2026-07-04 00:33:39 UTC,close,,,,,,,,,,,,,,,,,26Qh1jwH7CwWCWycKLpyrVpKjctnUSYofwptQwuupump,,,CABOVERDE,0.05,,,,,,,100,0.07,trending,2026-07-04 00:28:07 UTC,2026-07-04 00:33:39 UTC,14340.4,0,0.485,99,,,,,,,
bot_trade_log,80,2026-07-04 00:37:39 UTC,close,,,,,,,,,,,,,,,,,2GcUZGTzExEUWwNL55QjWSgNCip5Yi67HMDkX7H4pump,,,URANUS,0.05,,,,,,,,,trending,2026-07-04 00:32:07 UTC,2026-07-04 00:37:39 UTC,,,,,,,,,,,
bot_positions,182,2026-07-04 00:37:39 UTC,close,,,,,,,,,,,,,,,,,2GcUZGTzExEUWwNL55QjWSgNCip5Yi67HMDkX7H4pump,,,URANUS,0.05,,,,,,,100,0.23,trending,2026-07-04 00:32:07 UTC,2026-07-04 00:37:39 UTC,17285,1,0.5369,269,,,,,,,
bot_trade_log,81,2026-07-04 00:39:39 UTC,close,,,,,,,,,,,,,,,,,Ht73UtQL4m5BQftzNap4euCbLdrKGe8E6yYxcAoJpump,,,TORTY,0.05,,,,,,,,,trending,2026-07-04 00:34:07 UTC,2026-07-04 00:39:39 UTC,,,,,,,,,,,
bot_positions,183,2026-07-04 00:39:39 UTC,close,,,,,,,,,,,,,,,,,Ht73UtQL4m5BQftzNap4euCbLdrKGe8E6yYxcAoJpump,,,TORTY,0.05,,,,,,,100,0,trending,2026-07-04 00:34:07 UTC,2026-07-04 00:39:39 UTC,17626.3,0,0.263,117,,,,,,,
bot_trade_log,82,2026-07-04 00:43:39 UTC,close,,,,,,,,,,,,,,,,,BAuBn5FXxuR1GcwjaTunLuthFhzRxrpDj4fjSewXpump,,,SHAWK,0.05,,,,,,,,,trending,2026-07-04 00:38:07 UTC,2026-07-04 00:43:39 UTC,,,,,,,,,,,
bot_positions,184,2026-07-04 00:43:39 UTC,close,,,,,,,,,,,,,,,,,BAuBn5FXxuR1GcwjaTunLuthFhzRxrpDj4fjSewXpump,,,SHAWK,0.05,,,,,,,100,0,trending,2026-07-04 00:38:07 UTC,2026-07-04 00:43:39 UTC,17873.6,0,0.5067,121,,,,,,,
bot_trade_log,83,2026-07-04 00:45:39 UTC,close,,,,,,,,,,,,,,,,,FbsPm1ko7ASAW73puJMHdiJ1edse5W8fMis1dQhFTRiX,,,PAULY,0.05,,,,,,,,,trending,2026-07-04 00:40:07 UTC,2026-07-04 00:45:39 UTC,,,,,,,,,,,
bot_positions,185,2026-07-04 00:45:39 UTC,close,,,,,,,,,,,,,,,,,FbsPm1ko7ASAW73puJMHdiJ1edse5W8fMis1dQhFTRiX,,,PAULY,0.05,,,,,,,100,0.134,trending,2026-07-04 00:40:07 UTC,2026-07-04 00:45:39 UTC,27558.1,12,0.1516,154,,,,,,,
bot_trade_log,84,2026-07-04 00:49:39 UTC,close,,,,,,,,,,,,,,,,,AfKn7PoB13x7Ei8t3gy8wmaLqTGM3EsqAT5uZSKdpump,,,BIH,0.05,,,,,,,,,trending,2026-07-04 00:44:07 UTC,2026-07-04 00:49:39 UTC,,,,,,,,,,,
bot_positions,186,2026-07-04 00:49:39 UTC,close,,,,,,,,,,,,,,,,,AfKn7PoB13x7Ei8t3gy8wmaLqTGM3EsqAT5uZSKdpump,,,BIH,0.05,,,,,,,100,0.11,trending,2026-07-04 00:44:07 UTC,2026-07-04 00:49:39 UTC,15456.9,2,0.4098,175,,,,,,,
bot_trade_log,85,2026-07-04 00:51:40 UTC,close,,,,,,,,,,,,,,,,,FxnjnfLiCep8Qh64FCzJCQtrnxSnRUNZ2irs1j6upump,,,ANSEMJAK,0.05,,,,,,,,,trending,2026-07-04 00:46:07 UTC,2026-07-04 00:51:40 UTC,,,,,,,,,,,
bot_positions,187,2026-07-04 00:51:40 UTC,close,,,,,,,,,,,,,,,,,FxnjnfLiCep8Qh64FCzJCQtrnxSnRUNZ2irs1j6upump,,,ANSEMJAK,0.05,,,,,,,95,0.324,trending,2026-07-04 00:46:07 UTC,2026-07-04 00:51:40 UTC,65894.7,0,0.1943,169,,,,,,,
bot_trade_log,86,2026-07-04 00:55:40 UTC,close,,,,,,,,,,,,,,,,,DYpHuMiNHrfAaWKj5Y3iQL8ydZ9oJy2ANCH4c7DApump,,,ALYCIA,0.05,,,,,,,,,trending,2026-07-04 00:50:07 UTC,2026-07-04 00:55:40 UTC,,,,,,,,,,,
bot_positions,188,2026-07-04 00:55:40 UTC,close,,,,,,,,,,,,,,,,,DYpHuMiNHrfAaWKj5Y3iQL8ydZ9oJy2ANCH4c7DApump,,,ALYCIA,0.05,,,,,,,100,0.05,trending,2026-07-04 00:50:07 UTC,2026-07-04 00:55:40 UTC,17577.9,4,0.4844,229,,,,,,,
bot_trade_log,87,2026-07-04 00:57:40 UTC,close,,,,,,,,,,,,,,,,,D6bCAVo4ase4ARp2Z243ec88bHcRW9GzQAPBDDaepump,,,ALYCIA,0.05,,,,,,,,,trending,2026-07-04 00:52:07 UTC,2026-07-04 00:57:40 UTC,,,,,,,,,,,
bot_positions,189,2026-07-04 00:57:40 UTC,close,,,,,,,,,,,,,,,,,D6bCAVo4ase4ARp2Z243ec88bHcRW9GzQAPBDDaepump,,,ALYCIA,0.05,,,,,,,100,0.02,trending,2026-07-04 00:52:07 UTC,2026-07-04 00:57:40 UTC,5933.52,0,0.1561,45,,,,,,,
bot_trade_log,88,2026-07-04 01:04:39 UTC,close,,,,,,,,,,,,,,,,,DCBxNAtf8J5cw39qfcGDH8MPdFU1eFChj7LxesU7pump,,,RUGDEX,0.05,,,,,,,,,trending,2026-07-04 00:59:37 UTC,2026-07-04 01:04:39 UTC,,,,,,,,,,,
bot_trade_log,89,2026-07-04 01:04:39 UTC,close,,,,,,,,,,,,,,,,,48XurqA9Yvc5ov7hEjur4cxYHuCWFjkrAiMLDPLCpump,,,armadihlo,0.05,,,,,,,,,trending,2026-07-04 00:59:37 UTC,2026-07-04 01:04:39 UTC,,,,,,,,,,,
bot_positions,190,2026-07-04 01:04:39 UTC,close,,,,,,,,,,,,,,,,,DCBxNAtf8J5cw39qfcGDH8MPdFU1eFChj7LxesU7pump,,,RUGDEX,0.05,,,,,,,100,0.07,trending,2026-07-04 00:59:37 UTC,2026-07-04 01:04:39 UTC,12257.6,2,0.4054,112,,,,,,,
bot_positions,191,2026-07-04 01:04:39 UTC,close,,,,,,,,,,,,,,,,,48XurqA9Yvc5ov7hEjur4cxYHuCWFjkrAiMLDPLCpump,,,armadihlo,0.05,,,,,,,100,0.01,trending,2026-07-04 00:59:37 UTC,2026-07-04 01:04:39 UTC,4031.05,3,0.1195,25,,,,,,,
bot_trade_log,90,2026-07-04 01:10:39 UTC,close,,,,,,,,,,,,,,,,,Can3H1eudU1utTMTE4Z8h4ZmYXUexgmaV6PBiF72pump,,,RALPH,0.05,,,,,,,,,trending,2026-07-04 01:05:07 UTC,2026-07-04 01:10:39 UTC,,,,,,,,,,,
bot_trade_log,91,2026-07-04 01:10:39 UTC,close,,,,,,,,,,,,,,,,,GiZnry45XuDwA3FGuhpyvCUpLXcwbp6cJSLP53xPpump,,,TONKS,0.05,,,,,,,,,trending,2026-07-04 01:05:07 UTC,2026-07-04 01:10:39 UTC,,,,,,,,,,,
bot_positions,192,2026-07-04 01:10:39 UTC,close,,,,,,,,,,,,,,,,,Can3H1eudU1utTMTE4Z8h4ZmYXUexgmaV6PBiF72pump,,,RALPH,0.05,,,,,,,100,0.06,trending,2026-07-04 01:05:07 UTC,2026-07-04 01:10:39 UTC,10478.7,1,0.4224,80,,,,,,,
bot_positions,193,2026-07-04 01:10:39 UTC,close,,,,,,,,,,,,,,,,,GiZnry45XuDwA3FGuhpyvCUpLXcwbp6cJSLP53xPpump,,,TONKS,0.05,,,,,,,100,0,trending,2026-07-04 01:05:07 UTC,2026-07-04 01:10:39 UTC,8508.54,1,0.2787,49,,,,,,,
bot_trade_log,92,2026-07-04 01:16:40 UTC,close,,,,,,,,,,,,,,,,,3EJs7d7Ygx5qKL3BLZUgMasixyNNpysgd5An9Se5pump,,,Calf,0.05,,,,,,,,,trending,2026-07-04 01:11:07 UTC,2026-07-04 01:16:40 UTC,,,,,,,,,,,
bot_trade_log,93,2026-07-04 01:16:40 UTC,close,,,,,,,,,,,,,,,,,AEWdEY1PtaMoeXNByvsBoPJRjjBfB9U1rr4wqYEJpump,,,BOUNTY,0.05,,,,,,,,,trending,2026-07-04 01:11:37 UTC,2026-07-04 01:16:40 UTC,,,,,,,,,,,
bot_positions,194,2026-07-04 01:16:40 UTC,close,,,,,,,,,,,,,,,,,3EJs7d7Ygx5qKL3BLZUgMasixyNNpysgd5An9Se5pump,,,Calf,0.05,,,,,,,100,0.08571428571428572,trending,2026-07-04 01:11:07 UTC,2026-07-04 01:16:40 UTC,4805.23,0,0.2199,51,,,,,,,
bot_positions,195,2026-07-04 01:16:40 UTC,close,,,,,,,,,,,,,,,,,AEWdEY1PtaMoeXNByvsBoPJRjjBfB9U1rr4wqYEJpump,,,BOUNTY,0.05,,,,,,,100,0,trending,2026-07-04 01:11:37 UTC,2026-07-04 01:16:40 UTC,7314.78,0,0.4167,61,,,,,,,
bot_trade_log,94,2026-07-04 01:22:39 UTC,close,,,,,,,,,,,,,,,,,6rLbFvvuPGekj7WjL8UG4TDLzggvaHG5ELbxbuArpump,,,PANDA,0.05,,,,,,,,,trending,2026-07-04 01:17:07 UTC,2026-07-04 01:22:39 UTC,,,,,,,,,,,
bot_trade_log,95,2026-07-04 01:22:39 UTC,close,,,,,,,,,,,,,,,,,6qFT4kuLTzRKe1xgM4qCmgLGaUMLmg8g61476RfCpump,,,RANDY,0.05,,,,,,,,,trending,2026-07-04 01:17:07 UTC,2026-07-04 01:22:39 UTC,,,,,,,,,,,
bot_positions,196,2026-07-04 01:22:39 UTC,close,,,,,,,,,,,,,,,,,6rLbFvvuPGekj7WjL8UG4TDLzggvaHG5ELbxbuArpump,,,PANDA,0.05,,,,,,,100,0,trending,2026-07-04 01:17:07 UTC,2026-07-04 01:22:39 UTC,14963.2,0,0.1578,79,,,,,,,
bot_positions,197,2026-07-04 01:22:39 UTC,close,,,,,,,,,,,,,,,,,6qFT4kuLTzRKe1xgM4qCmgLGaUMLmg8g61476RfCpump,,,RANDY,0.05,,,,,,,95,0,trending,2026-07-04 01:17:07 UTC,2026-07-04 01:22:39 UTC,9673.29,0,0.5287,41,,,,,,,
bot_trade_log,96,2026-07-04 01:31:39 UTC,close,,,,,,,,,,,,,,,,,9kqGe1Ug6f3KnqK43FeiSMqFdX3h2nyb5hj75Wvopump,,,OCULUSAI,0.05,,,,,,,,,trending,2026-07-04 01:26:07 UTC,2026-07-04 01:31:39 UTC,,,,,,,,,,,
bot_trade_log,97,2026-07-04 01:31:39 UTC,close,,,,,,,,,,,,,,,,,BCEhQV523asezCZDfRzUSiFMfw1kNBdy5C3eGbeipump,,,ALYCIA,0.05,,,,,,,,,trending,2026-07-04 01:26:37 UTC,2026-07-04 01:31:39 UTC,,,,,,,,,,,
bot_positions,198,2026-07-04 01:31:39 UTC,close,,,,,,,,,,,,,,,,,9kqGe1Ug6f3KnqK43FeiSMqFdX3h2nyb5hj75Wvopump,,,OCULUSAI,0.05,,,,,,,100,0.202,trending,2026-07-04 01:26:07 UTC,2026-07-04 01:31:39 UTC,37836.8,2,0.4706,277,,,,,,,
bot_positions,199,2026-07-04 01:31:39 UTC,close,,,,,,,,,,,,,,,,,BCEhQV523asezCZDfRzUSiFMfw1kNBdy5C3eGbeipump,,,ALYCIA,0.05,,,,,,,70,0.4090909090909091,trending,2026-07-04 01:26:37 UTC,2026-07-04 01:31:39 UTC,5324.43,0,0.2803,37,,,,,,,
bot_trade_log,98,2026-07-04 01:37:40 UTC,close,,,,,,,,,,,,,,,,,AqzMZw3mDsMi7aaHdP3dfkZ6cJUgEzf2ht5Sqp9npump,,,Cow,0.05,,,,,,,,,trending,2026-07-04 01:32:37 UTC,2026-07-04 01:37:40 UTC,,,,,,,,,,,
bot_positions,200,2026-07-04 01:37:40 UTC,close,,,,,,,,,,,,,,,,,AqzMZw3mDsMi7aaHdP3dfkZ6cJUgEzf2ht5Sqp9npump,,,Cow,0.05,,,,,,,55,0.42028985507246375,trending,2026-07-04 01:32:37 UTC,2026-07-04 01:37:40 UTC,7151.15,0,0.1596,43,,,,,,,
bot_trade_log,99,2026-07-04 01:38:39 UTC,close,,,,,,,,,,,,,,,,,BXFHXgrKArdeUcXr7potXzMAiLwpj8vEfeLgPWXbMgXZ,,,LEAN,0.05,,,,,,,,,trending,2026-07-04 01:33:37 UTC,2026-07-04 01:38:39 UTC,,,,,,,,,,,
bot_positions,201,2026-07-04 01:38:39 UTC,close,,,,,,,,,,,,,,,,,BXFHXgrKArdeUcXr7potXzMAiLwpj8vEfeLgPWXbMgXZ,,,LEAN,0.05,,,,,,,100,0.01,trending,2026-07-04 01:33:37 UTC,2026-07-04 01:38:39 UTC,9004.06,0,0.4175,51,,,,,,,
bot_trade_log,100,2026-07-04 02:11:57 UTC,close,,,,,,,,,,,,,,,,,2ax1j2wGFVmFNTQFVCAmLaQA8E5jaX2xUCFHd7dHpump,,,L∃∀N,0.05,,,,,0.378784,True,100,0.03,trending,2026-07-04 01:38:07 UTC,2026-07-04 02:11:57 UTC,,,,,,,,,,,
bot_trade_log,101,2026-07-04 02:11:57 UTC,close,,,,,,,,,,,,,,,,,6XmkYfkVgfgvLgmHssJzaWYn3QZkCn73MtWMvgPhpump,,,MOMSEM,0.05,,,,,0.378784,True,100,0,trending,2026-07-04 01:39:07 UTC,2026-07-04 02:11:57 UTC,,,,,,,,,,,
bot_positions,202,2026-07-04 02:11:57 UTC,close,,,,,,,,,,,,,,,,,2ax1j2wGFVmFNTQFVCAmLaQA8E5jaX2xUCFHd7dHpump,,,L∃∀N,0.05,,,,,0.378784,True,100,0.03,trending,2026-07-04 01:38:07 UTC,2026-07-04 02:11:57 UTC,6814.59,0,0.1412,54,,,,,,,
bot_positions,203,2026-07-04 02:11:57 UTC,close,,,,,,,,,,,,,,,,,6XmkYfkVgfgvLgmHssJzaWYn3QZkCn73MtWMvgPhpump,,,MOMSEM,0.05,,,,,0.378784,True,100,0,trending,2026-07-04 01:39:07 UTC,2026-07-04 02:11:57 UTC,9062.5,0,0.458,54,,,,,,,
bot_trade_log,102,2026-07-04 02:18:01 UTC,close,,,,,,,,,,,,,,,,,CqTTSFrUSCupqewuE7JvsMkPnw1xq7m4gjiBrwsipump,,,bullfish,0.05,,,,,-0.431563,False,90,0,trending,2026-07-04 02:12:24 UTC,2026-07-04 02:18:01 UTC,,,,,,,,,,,
bot_trade_log,103,2026-07-04 02:18:01 UTC,close,,,,,,,,,,,,,,,,,HNpFLNp83ejhjWJywx32Ubt2hjRukrTdRh5NLj6Upump,,,BULLCHUA,0.05,,,,,-0.431563,False,65,0.03,trending,2026-07-04 02:12:24 UTC,2026-07-04 02:18:01 UTC,,,,,,,,,,,
bot_positions,204,2026-07-04 02:18:01 UTC,close,,,,,,,,,,,,,,,,,CqTTSFrUSCupqewuE7JvsMkPnw1xq7m4gjiBrwsipump,,,bullfish,0.05,,,,,-0.431563,False,90,0,trending,2026-07-04 02:12:24 UTC,2026-07-04 02:18:01 UTC,19337.8,0,0.2651,524,,,,,,,
bot_positions,205,2026-07-04 02:18:01 UTC,close,,,,,,,,,,,,,,,,,HNpFLNp83ejhjWJywx32Ubt2hjRukrTdRh5NLj6Upump,,,BULLCHUA,0.05,,,,,-0.431563,False,65,0.03,trending,2026-07-04 02:12:24 UTC,2026-07-04 02:18:01 UTC,12524.8,1,0.2654,78,,,,,,,
bot_trade_log,104,2026-07-04 02:25:02 UTC,close,,,,,,,,,,,,,,,,,tCztDQdDQHjWJuMDHZy6pmKHymMvBZQYtTi4KxWpump,,,MIAW,0.05,,,,,-0.155558,False,77,0,trending,2026-07-04 02:19:29 UTC,2026-07-04 02:25:02 UTC,,,,,,,,,,,
bot_positions,206,2026-07-04 02:25:02 UTC,close,,,,,,,,,,,,,,,,,tCztDQdDQHjWJuMDHZy6pmKHymMvBZQYtTi4KxWpump,,,MIAW,0.05,,,,,-0.155558,False,77,0,trending,2026-07-04 02:19:29 UTC,2026-07-04 02:25:02 UTC,8358.79,0,0.2394,56,,,,,,,
bot_trade_log,105,2026-07-04 02:27:01 UTC,close,,,,,,,,,,,,,,,,,7jkL9EDmvTecYBhyDtexxsrcwwyBCaXegZzvfvSPpump,,,Black,0.05,,,,,-0.155558,False,50,0,trending,2026-07-04 02:21:59 UTC,2026-07-04 02:27:01 UTC,,,,,,,,,,,
bot_positions,207,2026-07-04 02:27:01 UTC,close,,,,,,,,,,,,,,,,,7jkL9EDmvTecYBhyDtexxsrcwwyBCaXegZzvfvSPpump,,,Black,0.05,,,,,-0.155558,False,50,0,trending,2026-07-04 02:21:59 UTC,2026-07-04 02:27:01 UTC,17708.7,1,0.4104,99,,,,,,,
bot_trade_log,106,2026-07-04 02:31:01 UTC,close,,,,,,,,,,,,,,,,,4CnDbEkPoHuxZkFbNHGSXoRrjnQ69hjJ7efLoxxvpump,,,Black,0.05,,,,,-0.155558,False,90,0.02,trending,2026-07-04 02:25:59 UTC,2026-07-04 02:31:01 UTC,,,,,,,,,,,
bot_positions,208,2026-07-04 02:31:01 UTC,close,,,,,,,,,,,,,,,,,4CnDbEkPoHuxZkFbNHGSXoRrjnQ69hjJ7efLoxxvpump,,,Black,0.05,,,,,-0.155558,False,90,0.02,trending,2026-07-04 02:25:59 UTC,2026-07-04 02:31:01 UTC,5613.91,2,0.0923,55,,,,,,,
bot_trade_log,107,2026-07-04 02:33:01 UTC,close,,,,,,,,,,,,,,,,,CEzvwesyiXwMvpma9D1jr4hsf7S6ABdEJwFXuTTypump,,,SIGBULL,0.05,,,,,-0.155523,False,87,0,trending,2026-07-04 02:27:29 UTC,2026-07-04 02:33:01 UTC,,,,,,,,,,,
bot_positions,209,2026-07-04 02:33:01 UTC,close,,,,,,,,,,,,,,,,,CEzvwesyiXwMvpma9D1jr4hsf7S6ABdEJwFXuTTypump,,,SIGBULL,0.05,,,,,-0.155523,False,87,0,trending,2026-07-04 02:27:29 UTC,2026-07-04 02:33:01 UTC,6973,0,0.0838,58,,,,,,,
bot_trade_log,108,2026-07-04 02:37:01 UTC,close,,,,,,,,,,,,,,,,,8THSuQMkLYm9oXoCLYJ3PLRtBySDbnfYLP5fGsWz58w3,,,Bull,0.05,,,,,-0.071682,False,82,0,trending,2026-07-04 02:31:59 UTC,2026-07-04 02:37:01 UTC,,,,,,,,,,,
bot_positions,210,2026-07-04 02:37:01 UTC,close,,,,,,,,,,,,,,,,,8THSuQMkLYm9oXoCLYJ3PLRtBySDbnfYLP5fGsWz58w3,,,Bull,0.05,,,,,-0.071682,False,82,0,trending,2026-07-04 02:31:59 UTC,2026-07-04 02:37:01 UTC,6553.09,0,0.167,57,,,,,,,
bot_trade_log,109,2026-07-04 02:40:01 UTC,close,,,,,,,,,,,,,,,,,BEWayGKKSneVPMvKsvMXnS6A4rFZBbGDifRvaBGUpump,,,Stretch,0.05,,,,,0.114476,True,50,0,trending,2026-07-04 02:34:29 UTC,2026-07-04 02:40:01 UTC,,,,,,,,,,,
bot_positions,211,2026-07-04 02:40:01 UTC,close,,,,,,,,,,,,,,,,,BEWayGKKSneVPMvKsvMXnS6A4rFZBbGDifRvaBGUpump,,,Stretch,0.05,,,,,0.114476,True,50,0,trending,2026-07-04 02:34:29 UTC,2026-07-04 02:40:01 UTC,10605.4,0,0.5136,129,,,,,,,
bot_trade_log,110,2026-07-04 02:48:01 UTC,close,,,,,,,,,,,,,,,,,78wyX22f6kojz4SnMAQrvw6kp7Kvy3UEc4kXjU5ppump,,,MOLTVERSE,0.05,,,,,-0.043743,False,67,0,trending,2026-07-04 02:42:29 UTC,2026-07-04 02:48:01 UTC,,,,,,,,,,,
bot_positions,212,2026-07-04 02:48:01 UTC,close,,,,,,,,,,,,,,,,,78wyX22f6kojz4SnMAQrvw6kp7Kvy3UEc4kXjU5ppump,,,MOLTVERSE,0.05,,,,,-0.043743,False,67,0,trending,2026-07-04 02:42:29 UTC,2026-07-04 02:48:01 UTC,5770.08,0,0.1432,55,,,,,,,
gmgn_api,20,2026-07-04 02:48:31 UTC,buy,,,,,,,,,,,,,,,,,4AVMaUXYdvhYXV9eVmHj2dpp65wy22bP6jEwVUg6pump,977824.125908,,Bell,0.049382715,,4.05679003725,,,,,,,,,,,,,,4.148793149325e-06,pump,3Zus1HgvhPKKYzd91rmsYyMv1WDHHiN4pwQhMM8LZ7vjbn3J4FcDHtDwz3DwkZ7zmXywdb8eZ23coTZ5EBNYZPkb,0.00862575,0.05070996275,0.0001,0.0
bot_trade_log,111,2026-07-04 02:49:01 UTC,close,,,,,,,,,,,,,,,,,BSN1QSg3DQU5XHwgCxFzZsmqNfFWWr5nhMHYFGGzpump,,,TUNS,0.05,,,,,-0.043743,False,55,0,trending,2026-07-04 02:43:29 UTC,2026-07-04 02:49:01 UTC,,,,,,,,,,,
bot_positions,213,2026-07-04 02:49:01 UTC,close,,,,,,,,,,,,,,,,,BSN1QSg3DQU5XHwgCxFzZsmqNfFWWr5nhMHYFGGzpump,,,TUNS,0.05,,,,,-0.043743,False,55,0,trending,2026-07-04 02:43:29 UTC,2026-07-04 02:49:01 UTC,12538.1,0,0.4762,240,,,,,,,
gmgn_api,19,2026-07-04 02:59:56 UTC,sell,,,,,,,,,,,,,,,,,4AVMaUXYdvhYXV9eVmHj2dpp65wy22bP6jEwVUg6pump,977824.125908,,Bell,0.027920786,4.05679003725,2.29425098562,-1.7625390516299997,-43.446642183749354,,,,,,,,,,,,2.346281834886e-06,pump,3jVUbVPV6RK4Bm8nKiyZaivp1Dn2xnq3M2ZfjUfHZ3watVSmpsCYocPwN9DEWeF48s9CZsFXCNasWZkq5Vggr5Jd,0.20583585,0.02867823387,0.0025,0.0
bot_trade_log,112,2026-07-04 03:02:21 UTC,close,,,,,,,,,,,,,,,,,4AVMaUXYdvhYXV9eVmHj2dpp65wy22bP6jEwVUg6pump,,,Bell,0.05,,,,,-0.028988,False,87,0,trending,2026-07-04 02:48:29 UTC,2026-07-04 03:02:21 UTC,,,,,,,,,,,
bot_positions,214,2026-07-04 03:02:21 UTC,close,,,,,,,,,,,,,,,,,4AVMaUXYdvhYXV9eVmHj2dpp65wy22bP6jEwVUg6pump,,,Bell,0.05,,,,,-0.028988,False,87,0,trending,2026-07-04 02:48:29 UTC,2026-07-04 03:02:21 UTC,4107.83,0,0.0171,65,,,,,,,
gmgn_api,18,2026-07-04 03:02:52 UTC,buy,,,,,,,,,,,,,,,,,DYpHuMiNHrfAaWKj5Y3iQL8ydZ9oJy2ANCH4c7DApump,43463.899296,,ALYCIA,0.049505928,,4.07285269656,,,,,,,,,,,,,,9.3706564816741e-05,pump,56LZrrKRwxvCtWrXQD2CfAbPiByx9ywmn8WDvxzvsLuH4s9G8LE3PZ4wjEcD9V5ePjjawSmouU1VziBKz1FsbJJY,0.00863835,0.04877681349,0.0001,0.0
gmgn_api,17,2026-07-04 03:04:21 UTC,buy,,,,,,,,,,,,,,,,,8isZu7SSvdqwmS4DUWBi9xxeJkVdTXQzF31Fts3hpump,522154.602603,,ASH,0.049382715,,4.06074065445,,,,,,,,,,,,,,7.776893344491e-06,pump,41MGT4pkPz1wx45YTrct6C2hY5SYQgyfx5F9Mqmn1ACp6UgCPFTFTT1iNAE385xx4k1nZr4HhUN9tk2fgh2GiZcV,0.01685715,0.03857705328,0.0001,0.0001
bot_trade_log,113,2026-07-04 03:08:21 UTC,close,,,,,,,,,,,,,,,,,DYpHuMiNHrfAaWKj5Y3iQL8ydZ9oJy2ANCH4c7DApump,,,ALYCIA,0.05,,,,,-0.153484,False,100,0.05,trending,2026-07-04 03:02:49 UTC,2026-07-04 03:08:21 UTC,,,,,,,,,,,
bot_positions,215,2026-07-04 03:08:21 UTC,close,,,,,,,,,,,,,,,,,DYpHuMiNHrfAaWKj5Y3iQL8ydZ9oJy2ANCH4c7DApump,,,ALYCIA,0.05,,,,,-0.153484,False,100,0.05,trending,2026-07-04 03:02:49 UTC,2026-07-04 03:08:21 UTC,93694.8,9,0.1995,909,,,,,,,
gmgn_api,16,2026-07-04 03:08:52 UTC,buy,,,,,,,,,,,,,,,,,Cr42d1FkN1tDRXkzVRa6weUJ2wj69ycAWFALCN5ypump,492701.482187,,bullinu,0.049382715,,4.05283942005,,,,,,,,,,,,,,8.225750409795e-06,pump,24ddjWdFtuK6HJDjJx45vmMYF4AkAm5adTyPhnqfDmrE5uybvg9RmATd2YVeRoQNDhLn7FSzqfJFW6g3nELRqDCz,0.01682435,0.05066057995,0.0001,0.0001
bot_trade_log,114,2026-07-04 03:09:21 UTC,close,,,,,,,,,,,,,,,,,8isZu7SSvdqwmS4DUWBi9xxeJkVdTXQzF31Fts3hpump,,,ASH,0.05,,,,,-0.155558,False,65,0,trending,2026-07-04 03:04:19 UTC,2026-07-04 03:09:21 UTC,,,,,,,,,,,
bot_positions,216,2026-07-04 03:09:21 UTC,close,,,,,,,,,,,,,,,,,8isZu7SSvdqwmS4DUWBi9xxeJkVdTXQzF31Fts3hpump,,,ASH,0.05,,,,,-0.155558,False,65,0,trending,2026-07-04 03:04:19 UTC,2026-07-04 03:09:21 UTC,9997.47,0,0.4975,112,,,,,,,
gmgn_api,15,2026-07-04 03:09:51 UTC,buy,,,,,,,,,,,,,,,,,FbXGUfo7Z9DVRvPRjyxb5tMFm4CtJnU1epKU6ra5pump,437738.962933,,NFT,0.049382715,,4.0553085558,,,,,,,,,,,,,,9.26421657602e-06,pump,2SjwD1AfpmmzzrGg9EZYzDt77sBguRG4XbuzcJTrUTpBNETZjjGruGEkbPCpYRCDMTSUAhLUuiTHuMXeSxgqm45w,0.0086226,0.0506914442,0.0001,0.0
bot_trade_log,115,2026-07-04 03:14:21 UTC,close,,,,,,,,,,,,,,,,,Cr42d1FkN1tDRXkzVRa6weUJ2wj69ycAWFALCN5ypump,,,bullinu,0.05,,,,,-0.155558,False,77,0,trending,2026-07-04 03:08:49 UTC,2026-07-04 03:14:21 UTC,,,,,,,,,,,
bot_positions,217,2026-07-04 03:14:21 UTC,close,,,,,,,,,,,,,,,,,Cr42d1FkN1tDRXkzVRa6weUJ2wj69ycAWFALCN5ypump,,,bullinu,0.05,,,,,-0.155558,False,77,0,trending,2026-07-04 03:08:49 UTC,2026-07-04 03:14:21 UTC,6392.43,0,0.2156,54,,,,,,,
bot_trade_log,116,2026-07-04 03:15:21 UTC,close,,,,,,,,,,,,,,,,,FbXGUfo7Z9DVRvPRjyxb5tMFm4CtJnU1epKU6ra5pump,,,NFT,0.05,,,,,-0.052779,False,65,0.0125,trending,2026-07-04 03:09:49 UTC,2026-07-04 03:15:21 UTC,,,,,,,,,,,
bot_positions,218,2026-07-04 03:15:21 UTC,close,,,,,,,,,,,,,,,,,FbXGUfo7Z9DVRvPRjyxb5tMFm4CtJnU1epKU6ra5pump,,,NFT,0.05,,,,,-0.052779,False,65,0.0125,trending,2026-07-04 03:09:49 UTC,2026-07-04 03:15:21 UTC,9648.09,1,0.4114,54,,,,,,,
gmgn_api,14,2026-07-04 03:17:22 UTC,buy,,,,,,,,,,,,,,,,,6qFT4kuLTzRKe1xgM4qCmgLGaUMLmg8g61476RfCpump,98965.988691,,RANDY,0.049505928,,4.0743378744,,,,,,,,,,,,,,4.116907160121e-05,pump,pBNYtzShPHuRimpkXN6DqWruP4jDm4cRM2AivSMPuRPiDS3JNLLuj3EE27VVUBtvsewwztSG87dpd16w7KXTL8H,0.0168715,0.0487946001,0.0001,0.0001
gmgn_api,13,2026-07-04 03:19:21 UTC,buy,,,,,,,,,,,,,,,,,ByEeXxxmTcxg4pSn9xMK1YtssJFwZnf6hd7Xgw37pump,473770.527684,,𓄀,0.049382715,,4.0651850988,,,,,,,,,,,,,,8.580493850208e-06,pump,2BQqP2yxgW9kLH1SZ5AKZnbNo526kH7MvmqJb5EhQ1YYmsrwsSdcLLqSbCRH4CvjxNoAeC2pNzC3tM9ci65x44VZ,0.0168756,0.03861927552,0.0001,0.0001
bot_trade_log,117,2026-07-04 03:22:21 UTC,close,,,,,,,,,,,,,,,,,6qFT4kuLTzRKe1xgM4qCmgLGaUMLmg8g61476RfCpump,,,RANDY,0.05,,,,,-0.153484,False,55,0.15,trending,2026-07-04 03:17:19 UTC,2026-07-04 03:22:21 UTC,,,,,,,,,,,
bot_positions,219,2026-07-04 03:22:21 UTC,close,,,,,,,,,,,,,,,,,6qFT4kuLTzRKe1xgM4qCmgLGaUMLmg8g61476RfCpump,,,RANDY,0.05,,,,,-0.153484,False,55,0.15,trending,2026-07-04 03:17:19 UTC,2026-07-04 03:22:21 UTC,44352,7,0.411,218,,,,,,,
gmgn_api,12,2026-07-04 03:23:46 UTC,buy,,,,,,,,,,,,,,,,,CMtVJQnWy7s76iJbCG4HaxPoEMLPtkj6imq9Jh3Upump,510624.446626,,Rubi,0.049382715,,4.0661727531,,,,,,,,,,,,,,7.963137646068e-06,pump,3sJ49uyhn44ScbsvoaRT3Cwe99CMg3zjNh7DXnFLPMu1doBfpoaRiqRWE6WTAECCkjk9duJ2xj3uukvBz7JdCGnU,0.0168797,0.0508272469,0.0001,0.0001
bot_trade_log,118,2026-07-04 03:24:46 UTC,close,,,,,,,,,,,,,,,,,ByEeXxxmTcxg4pSn9xMK1YtssJFwZnf6hd7Xgw37pump,,,𓄀,0.05,,,,,-0.155558,False,57,0.15,trending,2026-07-04 03:19:19 UTC,2026-07-04 03:24:46 UTC,,,,,,,,,,,
bot_positions,220,2026-07-04 03:24:46 UTC,close,,,,,,,,,,,,,,,,,ByEeXxxmTcxg4pSn9xMK1YtssJFwZnf6hd7Xgw37pump,,,𓄀,0.05,,,,,-0.155558,False,57,0.15,trending,2026-07-04 03:19:19 UTC,2026-07-04 03:24:46 UTC,7948.63,0,0.2823,54,,,,,,,
gmgn_api,11,2026-07-04 03:26:47 UTC,buy,,,,,,,,,,,,,,,,,BADRkMkJFwRrT42mj4QxCzL2rHduJMqtESCQEzzspump,422488.43356,,Z,0.049382715,,4.0661727531,,,,,,,,,,,,,,9.624341003504e-06,pump,53NiSXYxKDpMVNULawTguzce9JbZcxuBiyq2pazpUiG6riw53Mh1u4bCbEutB1KZzK82f82zBQ9aEPPz2QPn3j9m,0.0168797,0.03862865824,0.0001,0.0001
gmgn_api,10,2026-07-04 03:28:27 UTC,sell,,,,,,,,,,,,,,,,,CMtVJQnWy7s76iJbCG4HaxPoEMLPtkj6imq9Jh3Upump,357437.112638,,Rubi,0.080921114,5.025456215754841,6.6598076822,1.6343514664451595,32.52145469542558,,,,,,,,,,,,1.863211023107e-05,pump,38GxnBZpGaGSMxbR4jFFb7tWtqbqEE8f4G7N3Kx7zEVVBZMxsqiA6ZhSC3et2SRRZCN5tVFnQ7jjqvCw7XbtXuzp,0.0168715,0.0832476845,0.0001,0.0001
bot_trade_log,119,2026-07-04 03:28:46 UTC,close,,,,,,,,,,,,,,,,,CMtVJQnWy7s76iJbCG4HaxPoEMLPtkj6imq9Jh3Upump,,,Rubi,0.05,,,,,-0.076653,False,62,0,trending,2026-07-04 03:23:44 UTC,2026-07-04 03:28:46 UTC,,,,,,,,,,,
bot_positions,221,2026-07-04 03:28:46 UTC,close,,,,,,,,,,,,,,,,,CMtVJQnWy7s76iJbCG4HaxPoEMLPtkj6imq9Jh3Upump,,,Rubi,0.05,,,,,-0.076653,False,62,0,trending,2026-07-04 03:23:44 UTC,2026-07-04 03:28:46 UTC,7934.1,0,0.2378,88,,,,,,,
bot_trade_log,120,2026-07-04 03:31:46 UTC,close,,,,,,,,,,,,,,,,,BADRkMkJFwRrT42mj4QxCzL2rHduJMqtESCQEzzspump,,,Z,0.05,,,,,0.026126,True,65,0,trending,2026-07-04 03:26:44 UTC,2026-07-04 03:31:46 UTC,,,,,,,,,,,
bot_positions,222,2026-07-04 03:31:46 UTC,close,,,,,,,,,,,,,,,,,BADRkMkJFwRrT42mj4QxCzL2rHduJMqtESCQEzzspump,,,Z,0.05,,,,,0.026126,True,65,0,trending,2026-07-04 03:26:44 UTC,2026-07-04 03:31:46 UTC,10056.9,0,0.4608,134,,,,,,,
gmgn_api,9,2026-07-04 03:33:46 UTC,buy,,,,,,,,,,,,,,,,,JEBdiLotTrCv5xdJUQyrASVZqh2LMVC6mrTUxkFdpump,86398.803833,,🧸,0.049505928,,4.08374400072,,,,,,,,,,,,,,4.7266209942394e-05,pump,3PBr9QYMtLTjNUi2K7QxLAPvVLUm4qcEgKvx7Der4wpzTzkQuZUp1goHjjpEARmAc3wKr4Guy9jXHbgekS9yC7FE,0.01691045,0.04890724863,0.0001,0.0001
gmgn_api,8,2026-07-04 03:35:16 UTC,buy,,,,,,,,,,,,,,,,,4KSztrWX5XxL1BTUzC5vSDTfBhzfAYgr2FRRFMFJpump,155839.503276,,BROCCOLI,0.049382715,,4.0711110246,,,,,,,,,,,,,,2.6123742302616e-05,pump,3WL5gJTKYt3wMAvqEp162E8xy1VvN1hku6YowYbp8PVbiSb2zkqA5UhM2Siwdw3dq57v2xyMeA6o4EppXTACkpgF,0.0086562,0.0508889754,0.0001,0.0
bot_trade_log,121,2026-07-04 03:38:46 UTC,close,,,,,,,,,,,,,,,,,JEBdiLotTrCv5xdJUQyrASVZqh2LMVC6mrTUxkFdpump,,,🧸,0.05,,,,,-0.155558,False,100,0.09,trending,2026-07-04 03:33:44 UTC,2026-07-04 03:38:46 UTC,,,,,,,,,,,
bot_positions,223,2026-07-04 03:38:46 UTC,close,,,,,,,,,,,,,,,,,JEBdiLotTrCv5xdJUQyrASVZqh2LMVC6mrTUxkFdpump,,,🧸,0.05,,,,,-0.155558,False,100,0.09,trending,2026-07-04 03:33:44 UTC,2026-07-04 03:38:46 UTC,47181.3,8,0.0209,162,,,,,,,
bot_trade_log,122,2026-07-04 03:40:45 UTC,close,,,,,,,,,,,,,,,,,4KSztrWX5XxL1BTUzC5vSDTfBhzfAYgr2FRRFMFJpump,,,BROCCOLI,0.05,,,,,-0.052779,False,75,0,trending,2026-07-04 03:35:14 UTC,2026-07-04 03:40:45 UTC,,,,,,,,,,,
bot_positions,224,2026-07-04 03:40:45 UTC,close,,,,,,,,,,,,,,,,,4KSztrWX5XxL1BTUzC5vSDTfBhzfAYgr2FRRFMFJpump,,,BROCCOLI,0.05,,,,,-0.052779,False,75,0,trending,2026-07-04 03:35:14 UTC,2026-07-04 03:40:45 UTC,25659.7,0,0.0441,117,,,,,,,
gmgn_api,7,2026-07-04 03:50:02 UTC,sell,,,,,,,,,,,,,,,,,DYpHuMiNHrfAaWKj5Y3iQL8ydZ9oJy2ANCH4c7DApump,43463.899297,,ALYCIA,0.0266054,4.072852696580705,2.202395012,-1.870457684580705,-45.925002054481766,,,,,,,,,,,,5.0671822994656e-05,pump,4xz8CxVGJ6NZrKkZF4gJm33J4RaJyEKQZpATQW8Kd2fTewupr4akqTM1JzdmHAwcRMgsDArrf8juPW76akfVc6Tw,0.55228051148,0.0267499431,0.006666666,0.0
gmgn_api,6,2026-07-04 03:50:10 UTC,sell,,,,,,,,,,,,,,,,,JEBdiLotTrCv5xdJUQyrASVZqh2LMVC6mrTUxkFdpump,86398.803833,,🧸,0.049064257,4.08374400072,4.05908598161,-0.024658019110000318,-0.6038091297018836,,,,,,,,,,,,4.698081225511e-05,pump,4bV5K6oueiNtbcrfPTbBxaukBbujowfo7gvEx14ZXAHzNBgU5aG92C18Mfjkeq7hQBL4eXhoACK1jixxtvyQXvpL,0.93729102414,0.04930079252,0.0100006,0.001323918
gmgn_api,5,2026-07-04 03:50:11 UTC,sell,,,,,,,,,,,,,,,,,ByEeXxxmTcxg4pSn9xMK1YtssJFwZnf6hd7Xgw37pump,473770.527684,,𓄀,0.013426752,4.0651850988,1.11079519296,-2.95438990584,-72.67540921352155,,,,,,,,,,,,2.34458482873e-06,pump,3eNpbVHMaxzg35YJBbsQjKSYHDjjfUgGQCyMtNTHeXEbw5oz4hMRqWubVEYAHPaiZDQPR97V2hAjjxFnaVaoKC8U,0.93729102414,0.01055262515,0.0100006,0.001323918
gmgn_api,4,2026-07-04 03:50:13 UTC,sell,,,,,,,,,,,,,,,,,6qFT4kuLTzRKe1xgM4qCmgLGaUMLmg8g61476RfCpump,98965.988691,,RANDY,0.065082307,,5.38425925811,,,,,,,,,,,,,,5.4405147960634e-05,pump,3t3tDGs34xyexEMAqnBkt961nKjs5F6BdDRoYMf772na1pzgxzVCENiDVLpAWawUk3CGU8fxsvwHCHCkvgHmLLVD,0.827763288,0.06539599675,0.0100006,0.0
gmgn_api,3,2026-07-04 03:50:14 UTC,sell,,,,,,,,,,,,,,,,,FbXGUfo7Z9DVRvPRjyxb5tMFm4CtJnU1epKU6ra5pump,437738.962933,,NFT,0.012280391,,1.01583394352,,,,,,,,,,,,,,2.320638617968e-06,pump,6HigMmHpaGwEbwdA1qh1rSDZ2VSR1hszo9MKxNZ6L66GzCF2o2NRjtVq3TDBHaUafgzK4VkMYV48qVXyH8e9xFm,0.827663232,0.01269801632,0.0100006,0.0
gmgn_api,2,2026-07-04 03:50:16 UTC,sell,,,,,,,,,,,,,,,,,Cr42d1FkN1tDRXkzVRa6weUJ2wj69ycAWFALCN5ypump,492701.482187,,bullinu,0.014403387,4.05283942005,1.19144817264,-2.86139124741,-70.60213718940533,,,,,,,,,,,,2.418194822208e-06,pump,5w8Yd454oxsGCUABD711jQ3XZH27SjkibD4wK81SKWqNDsBjYB6Bp5ctEksLQxH6xVauqfNZAnk7riL5DWSynCzk,0.910383232,0.01489323968,0.0100006,0.001
gmgn_api,1,2026-07-04 03:50:17 UTC,sell,,,,,,,,,,,,,,,,,8isZu7SSvdqwmS4DUWBi9xxeJkVdTXQzF31Fts3hpump,522154.602603,,ASH,0.01460643,4.06074065445,1.2082438896,-2.8524967648499997,-70.24572627468993,,,,,,,,,,,,2.313958134224e-06,pump,5unp2Gk1KkbZEXjTv7W1roD4FJy7gSH7we2spSSkd2gXmqa6W3qVdJyNagnWH3a75TNpF12mdmmxPgyLFGwEtsMv,0.89242794608,0.01147839264,0.009783539,0.001
